reviewId,content,annotator_1,annotator_2,label_final
70c0b377-3eb9-4ed2-ad6f-bca8d70d4d4d,Makin Buruk Saja DANA Masa Mau Login For Close Terus.,negatif,negatif,negatif
3d2ece05-38d7-4295-b79d-3cf7a84a20d7,keamanan yg buruk uang saya ilang tiba2 katanya udah transaksi padahal saya tidak melakukan transaksi apapun pas saya minta refund saya di tolak,negatif,negatif,negatif
eda35517-462e-4b27-a8b4-ae76dc91ad20,dana saya bermasalah tidak bisa login,negatif,negatif,negatif
519646d1-93f3-4173-a7de-8a091dda41e0,otp jangan d batasi di karenakan ada keperluan biarin aja selagi aman untuk digunakan,ambigu,positif,positif
7188f50c-c8f9-4ab1-ad11-f9b8c2efba11,"sangat memudah buat melakukan transaksi, apa lagi kalo di dana bisa mengajukan pinjaman buat modal usahağŸ™",positif,positif,positif
1d460300-6215-403c-8089-4a6883bd2360,"saldo saya tersedot 35.000 transaksi pembayaran nya google one,aplikasi tidak aman Jangan instal aplikasi ini",negatif,negatif,negatif
e02264cd-5367-4baa-aa9c-c53f09ef0f21,"SARANNNNN!!!!! YANG MAU DONLOT DANA MENDING PIKIR2 LAGI DEH, MASIH BANYAK APK YG LEBIH BERGUNA DARI PADA DANA!!! SIAP2 AJA DATA LO BOBOL DUIT TBTB HILANG, AKUN GA AMAN & GA ADA REFUND!!!! BIASANYA MAU BAYAR APA2 ADA VERIFIKASI WAJAH DLL INI MANAAAAA WOI?!!!!!! COBA BUAT CHAT CS SECARA BAIK2 MALAH BOT YG BALES!!! TIDAK DI REKOMENDASIKAN UNTUK MENDONLOT DANA!!!!!!",negatif,negatif,negatif
fad821fa-398b-439e-b74a-cd858f5c6768,tingkat kan keamanan,negatif,negatif,negatif
a50b4715-5890-4809-bc88-94f7230ba94f,tingkatkan kualitas keamanan akun,negatif,negatif,negatif
9a490483-210a-4722-90cf-f96c623da2fb,FITUR DANA SEKARANG MENGECEWAKAN BUAT APLIKASI PINJAMAN LEWAT DANA GAK ADA PAYLATER NYA LAGI,ambigu,ambigu,ambigu
a37ac53a-4a5c-483a-bb4f-c15f33809b42,tidak amanah uang says ilang 1.800.000 uang saya balikin. saya sebarkan. saya akan sebarkan.,negatif,negatif,negatif
14b37f1e-46c7-4284-a6bd-df913d2af30d,Kenapa harus ada iklan dari website seperti google ads di aplikasinya? Apakah adanya iklan tsb aman?,ambigu,ambigu,ambigu
1d212fbe-38ab-4131-9edc-77858527c406,"Aku pake dsna sudah lama Alhamdulillah tahun 2025 dapat dana cicil seperti paylatter bisa beli pulsa,beli token, beli tagihan ,dan belanja di ecommerce seperti shopee lazada dan tiktok, mantap dana ku dapat paylatter semoga limit paylaterku di tambah 10juta agar bisa banyak transaksi kedepannyağŸ™ saya yang bergaji 5jt keatas bagus bisa pinjam dulu lalu bayar 2 Minggu sekali mantap dana ğŸ‘ğŸ‘ğŸ‘",positif,positif,positif
d85659d9-7ac7-47aa-96ac-0be140e96f6f,baik dan aman,positif,positif,positif
85382b0d-c740-417e-ab0b-f31abbe7fbb2,"tidak aman lagi pake dana, komplain uang dicuri apk yg tidak dikena saja gak ada kelanjutannya",negatif,negatif,negatif
ce76de54-063f-4a08-a416-3178cda90629,"tambah update,tambah jelek,dulu kalo login tanpa kartu bisa,sekarang harus pake notifikasi aelah sampah",negatif,negatif,negatif
72efb755-7c29-4567-afa7-19ef16a48a5a,"ini dana gimana sih keamanannya tolok banget,masa duit gw ilang 2 kli, kmrin2 ilang 500 ribu lebih,skrang 100 ribu",negatif,negatif,negatif
68801605-a94f-4794-b372-fbaac1061c88,"udh 2th pke DANA gak pernah ada masalah. Transfer, Bayar, dan Terima uang lancar2 aja. bahkan meski udh ganti nomornya tpi data yg dulu tetap 100% aman.",positif,positif,positif
3fb3a7f3-fff0-411f-bb59-2d1f9b969b94,sangat bagus lumayan aman,positif,positif,positif
38cbcce8-858e-450a-b868-543eac5d6a34,uang lenyap begitu saya . hati hati buat pengguna dana . lebih aman d aplikasi ovo atau banking sekalian . dana rawan kehilangan saldo . sudah melakukan via telpon dan email tapi sampai 2 bulan tidak ada tindakan . sdh 2 bulan di email ga ada respon,negatif,negatif,negatif
2b27d1df-771a-4cc0-9d86-a85ac6d5701e,sanggat aman,positif,positif,positif
5fd2093e-9d10-4e23-b9c1-4b8810b270c8,"gajelas bgt tbtb duit kesedot gapake autentifikasi, dasar aplikasi ga aman, jlk bgt",negatif,negatif,negatif
7c6f60d4-2ff3-4209-9c77-0198fbd2245f,"Sumpah kesel bgt beberapa kali uang aku hilang gila, gmana sih ga amanah gini",negatif,negatif,negatif
ebd487ee-dfaf-414e-8a8d-8f5c59f08372,akun dana sudah preium tapi tidak bisa melakukan transfer alasan keamanan.tiba tiba malah di bekukan..lucu akun dana ini makin kesini,negatif,negatif,negatif
795ae009-b686-46d3-947f-a4a06295260a,nyaman,ambigu,ambigu,ambigu
ce99fefd-5884-4f24-9e1a-5bdf3f1ad55b,aman,positif,positif,positif
0b5d797b-1c60-4122-afdf-8a439c34b089,dana skrg knpa nggk bisa memverifikasi dngn wajah aja knpa harus pke fia sms atau kode dar Whatsap sedangkan Nomor dana yang terdaftar di akun ini udah hilng dan TDK ada aktif lgi,negatif,negatif,negatif
654b5568-085d-46ec-97df-42df1e68389b,"jelek bgt csnya udah lama ngadu lewat email ga di respond... padahal di suruh lapor email tapi ga di tanggapi sama sekali... ngadu kemana lagi,tiap ngeklaim reward a+ dibilang soal keamanan""... tapi pas chat admin lewat cs ga di tanggapi. gimana sih...",negatif,negatif,negatif
b427209b-55ea-4ce1-a8a3-6b885e7c132f,tidak usah instal dana daripada kalian merasakan sama seperti saya..baru top up ditingal bentar udah lenyap aja tu saldo parah bgt keamanan di dana ini..mana uang buat makan di ahir bulan...TOLOL,negatif,negatif,negatif
99ea9ffb-fe6a-47b5-9ad4-3fb5355c6dd8,HAPUS VERIFIKASI MUKA NYA GA GUNA!!!!!!!!,negatif,negatif,negatif
e8288e1a-7440-4e9b-8610-a855fb7e2f9e,simple praktis aman,positif,positif,positif
09c52073-694a-4293-8338-d6df088baff9,"maaf aplikasi yang mengecewakan, cukup sekali saja dan aplikasi ini ternyata tidak aman. mudah sekali dibobol tnpa sandi/pin!! hati-hati buat yg lain. aplikasi tidak amanah!",negatif,negatif,negatif
6025bc3a-2fec-4b9c-938b-70caa2d9eb55,Aman,positif,positif,positif
03717896-5593-4c9e-bd13-42143faba9b0,sangan mudah dan aman,positif,positif,positif
8160d815-d80a-4fc8-9397-2e71588bfb4e,"tidak bisa login dengan alasan gak jelas ,padahal di saldo lumayan",negatif,negatif,negatif
44deff7f-5606-4ea0-b4a4-c598215623ca,aplikasi sering macet gak nyaman,ambigu,ambigu,ambigu
d65aaf20-a0a3-4887-8f4a-5e488e79eb26,"aplikasi ga aman,tiba tiba sedot sendiri ilang 210.000",negatif,negatif,negatif
2de5c50f-fa77-40d3-be3a-31e8f997f57e,"aplikasi gak amanah, saya mencoba beli pulsa disini, pulsa nya gak masuk, saldo gw tetap kepotong",negatif,negatif,negatif
24ff19a3-5c8a-41dc-ae8f-2be3163374c1,nyaman,ambigu,ambigu,ambigu
96a530d3-9cd5-47e0-9cf7-faa256b8d6dd,kok bagian pindai nya ilang kenapa? tolong jawab..,ambigu,negatif,ambigu
f3095a91-5514-47f5-9d66-dfe40285d87e,Mudah dan aman,positif,positif,positif
951f8963-1899-41ef-a1c9-c69a9665b7aa,cepat dan amanah,positif,positif,positif
972ba12a-77e3-4abe-8813-cabb6573ab08,nomer saya sudah tidak aktif tidak bisa login caranya gimana,negatif,negatif,negatif
7149cfae-0bdd-4fdb-a3b4-16393132755a,sebenarnya si aman baguss.. tapi kenapa tidak ada koneksi internet trus pdhl datanya ada masih banyak,positif,positif,positif
ff0c231c-0d8a-45dd-81dd-959e23fc7976,"sangat baik,,jaga keamanan akun kami trimakasih",positif,positif,positif
c34083fa-e7be-4746-b1a4-bd47f1c30401,semoga fitur pinjaman keluar di akun saya,ambigu,ambigu,ambigu
edbb1743-e7b3-4384-bfc5-8b4b543af438,dana udah mulai gak aman.. saldo saya hilang tiba-tiba.. bertransaksi sendiri.. gak ada penanggung jawabnya.. payah..,negatif,negatif,negatif
6fbf787a-9a70-41d7-90bf-1033984c1c56,Tidak bisa login dikarenakan meminta kode otp kemarin sebelum update masih bisa login dengan pin dan wajah saja tapi sekarang setelah update diminta kode otp padahal di akun dana masih ada saldonya tolong diperbaiki,negatif,negatif,negatif
a626371a-5fdf-4a95-9989-9b8106ed375f,permudah login,ambigu,ambigu,ambigu
59aec248-fa29-4ec9-8e64-29d39fb0badf,"tolong email saya sudah berhari-hari tidak di respon karena di akun dana saya itu masih ada uangnya dan saya tidak bisa login akun dana saya, tolong respon email saya.",negatif,ambigu,negatif
087d8316-25d4-4f81-8cdd-344ef7445cc7,aplikasi penipu uang saya hilang 690000 tiba tiba hilang sudah dilaporkan pun masih belum di tanggapi sudah lebih satu Minggu saya atas nama JAYA SAHFUTRA merasa di rugikan dengan aplikasi yang tidak amanah ini,negatif,negatif,negatif
dc27ed78-e0df-4809-b3b8-e0d806a13407,"aplikasi sampah, uang saya dua kali lenyap dari transaksi yang gapernah saya lakukan, keamanannya kaya taik",negatif,negatif,negatif
5255f13f-8018-420f-bf71-77430cff8044,dana sekarang susah.mau masuk aja mesti verifikasi email.padahal verifikasi ke nomor telfon sudah cukup. mana email lupa sandi ..jd gak bisa masuk,negatif,ambigu,negatif
85c7e88a-d725-4ece-bc9b-3bb8c92b7e8d,transaksi cepat dan nyaman,ambigu,ambigu,ambigu
981e1907-32f7-4aba-8ef2-cdba562132ba,dana sekarang tidak aman banget,negatif,negatif,negatif
9f1a9dff-6703-4a94-9912-a02487d736d9,mau ambil uang verifikasi aja nunggu max 2 hari padahal uang mau di pake kan ajng,negatif,negatif,negatif
9c0f7ed0-b1fa-4663-92f6-3d45b95951b6,sangat nyaman,ambigu,ambigu,ambigu
3fb9afe1-58f2-4535-b001-18025d39cd93,aman,positif,positif,positif
1db009de-9d3b-46c2-8c3a-34d9f42df2e6,"aplikasi gak guna baru aja download suruh masukan pin gak bisa, pencet lupa pun juga gak bisa, verifikasi wajah juga gak bisa padahal apa yang aku lakukan udah bener. aplikasi tolol, blog, gak guna buat apa aplikasi tolol ini di buat sebuah bag dalam aplikasi tolol, sudah lah ku hapus aja buat apa di download kalau gak punya akun dana, hapus saja lol",negatif,negatif,negatif
1d1b5938-7449-4460-b6cc-ecff301c8f12,aman dan terpercaya,positif,positif,positif
2f667883-cdcd-4fbf-9ce2-b05fcd931939,"susah banget cuma mau login dana di hp baru, hp lama saya hilang di curi, tolong lahh kasih di permudah kan udah login lewat KTP masih aja di persulit",negatif,negatif,negatif
4dbbfe2d-c199-401a-b653-a1e06f9fbbfd,mantapp amann,positif,positif,positif
de87a6ff-ec04-4dbc-bf07-e08402814637,ada gangguan yah kok tidak dapan login,ambigu,ambigu,ambigu
12f7e45d-a7ba-43d9-9b80-f1bcd84f4998,"sering terjadi transaksi gk jelas tanpa memasukkan pin. tolong dong apapun jenis transaksi nya, harus masukkan pin, kalo gini yg rugi kami. pihak dana tidak ada tanggung jawabnya sama sekali. tolong untuk ulasan saya ini di tindak lanjuti d3mi kenyaman pengguna dana. paling gak ada layanan call center dong, supaya tanggung jawab kalian ada sedikit",negatif,negatif,negatif
eba92f00-02a8-4b12-938b-df99d00d53c9,"Terima kasih dana, berkat pembaruan apk menabah verifikasi wajah jadi tidak bisa masuk akun saya dan selamat apk anda paling busuk tidak bermutu",negatif,negatif,negatif
dffbb1a5-34c4-4238-914d-601574441ef4,aman,positif,positif,positif
22bda363-802a-4764-a5bc-441b8afaeff3,aplikasi nya bagus tampilan juga keren udh terdaftar di OJK jadi aman fitur fitur nya jg banyak mau byr apa aja mudah dan cepat,positif,positif,positif
c47547d3-a78d-4904-851b-c6aaccecfc44,"aman dan nyaman bos, pake DANA",positif,positif,positif
dcc27f6c-9da6-4d44-b03b-01dee3a2c1ff,aman banget .puas banget dengan layanan nya .mudah untuk di gunakan dan gratis buat kirim ke banx mana aja ğŸ˜ğŸ˜ğŸ˜,positif,positif,positif
2a1f5b3b-160f-4255-88b4-8d85a6ee90c0,"Aplikasinya bahaya, hati-hati... bisa bisanya saldo berkurang dengan sendiri, saya gak ada buka aplikasi dana seharian, dan tibaÂ² ada transaksi yg gak di kenal, gak aman banget, plis gak usah pake dana lagi",negatif,negatif,negatif
58ac0a63-7db4-42f9-8cc2-b840b792fcfa,aplikasi pembayaran ternyaman,ambigu,ambigu,ambigu
28acbcf6-7da7-495d-a5f3-caecbcf6aa0b,"Sangat bagus,dan aman untuk menyimpan uang..",positif,positif,positif
841f5ead-fae9-4850-ad52-4226cd04ae4e,males banget saya ga bisa masuk ke akun saya sendiri cuma gara gara otp soalnya kartu saya udah mati tapi kan dana vizz saya on muka saya ke scan jadi beneran yang punya akun loh yang mau login malah ga bisa muka saya loh itu yang kescan udah centang malah otp tolong lah diperbaiki dikit dikit otp,negatif,negatif,negatif
88c65de0-dfd0-47a2-9975-7425f9ea80c8,tolong bantu an nya saya gak bisa masuk akun syaa karean butuh kode otp wa sedangkan wa di nomer dana Sudah ga aktif,negatif,negatif,negatif
ee14bb72-0d88-42b5-96ca-1488d2b8a981,"bermanfaat sekali,, memudahkan transaksi. sangat praktis dan aman",positif,positif,positif
ffaaf717-59d7-4d51-8d89-91bba7afd819,"harus di laporin nih yang kaya gini yang bikin duit hilang terus gx jelas dari google. mana gx punya duit lagi tiba"" hilang gtu aja mau makan aja g bisa gara"" aplikasi gx jelas ngambil duit gtu aja uninstal aja aplikasi nya klo gx aman nyimpen duit di sini gmna sih",negatif,negatif,negatif
8fe1362c-d1bf-4538-b5e2-02ed47a114a1,pengalaman yang sangat luar biasa dan menghadapi tantangan yg di adakan pada orang yang menghasilkan suatu kemajuan dan perkembangan yang luar biasa yg telah berjuang untuk mendapatkan hasil yg lebih baik,ambigu,ambigu,ambigu
a646453b-2766-4605-81dd-daf300513acb,tingkatkan keamanan,negatif,negatif,negatif
d21f54ff-a3ba-41c8-8a41-607781dc2dd6,sensi kurang pengamanan,negatif,negatif,negatif
7d30ea82-17ea-4b5b-9c33-1909e924cb53,aplikasi yang sangat buruk yg saya kenal. lupa pin masa GK bisa kirim otp ke wa . trus tiba tiba danavis saya dinonaktifkan. tiba tiba padaal KA udah premium ada KTP tapi dipersulit. ...,negatif,negatif,negatif
3ca5bf67-520b-4557-872c-8802f6cc7b84,sangat membantu dalam transaksi tapi klo kirim pakek QR khusus nya QR judol hati hati bisa ke hack,positif,negatif,positif
397a1221-e456-4a51-972b-fb45c65bef8f,Aplikasi ini tidak di sarankan... keamanan sangat buruk saya membenci aplikasi ini...saya ada pengalaman buruk di tanggal 2 Juni 2025 akun saya secara tidak sengaja terhubung ke aplikasi my Telkomsel Alhasil saldo saya di tarik tanpa sepengetahuan dari saya... aplikasi yang mudah di hack,negatif,negatif,negatif
338c9127-e7be-49e0-8a80-60ff44425255,sangat mudah dan aman,positif,positif,positif
a89dd679-f205-42c7-9ff1-1780fea28c78,aman,positif,positif,positif
d3a3e8f5-9678-4bbf-83d9-3cb446791456,nyaman,ambigu,ambigu,ambigu
31c048cc-1957-4314-bf83-bc69dd5b99ec,tolong permudah dapat pinjaman,ambigu,ambigu,ambigu
a4194ade-9f7e-478f-9d50-61f081a14b09,semoga selalu aman,positif,positif,positif
93bf8337-87a7-4a64-b12c-603753e55281,Saya ingin lebih ketat lagi yağŸ™ğŸ» di bidang keamanannya & untuk transaksinya. ğŸ™ğŸ»ğŸ˜­,positif,negatif,positif
00bac301-3224-4b8d-abba-a90cbf0e4f9d,sangat aman apk nya,positif,positif,positif
a556064a-49d8-45cc-bedf-09211aba90b3,aman tepat,positif,positif,positif
6160b84c-c195-41a0-8585-81e14f3f59bb,"Aplikasi ini yang mudah diretas oleh para hacker.. sehingga uang saya hilang, dan suka membayar secara otomatis tanpa ada aprove dari saya",negatif,negatif,negatif
80da5b93-6eb4-4846-ade3-81e2f991a8ad,masih kurang aman kadang ada transaksi tidak sah atau tanpa sepengetahuan pemilik,negatif,negatif,negatif
8e2090a2-5d46-4883-93b0-39bb250ecdbb,sangat baik dan aman,positif,positif,positif
1a501560-b1e2-4111-b431-a6e54243b501,"Halu sedikit, seandainya ada fitur Dana Pinjam 1-5 juta tenor 3 - 12 bulan, yang syaratnya nggak ribet, cair cepat ke Dana, Pembayaran langsung ke Dana, Dana akan lebih mantap. yang pasti ke_halu_an ini banyak yang setuju ğŸ˜†ğŸ˜†, selama ini tiap saya butuh lgsg ke Spinjam di shopee.",ambigu,ambigu,ambigu
21cfe93c-7502-4399-b5c2-eb4218668a58,nyaman,ambigu,positif,ambigu
e50ddf66-97af-4f51-986e-d25e22566188,"Mantaap ,,,pengganti ATM ,cepat dan Aman",positif,positif,positif
2304f6fe-d793-44b9-8e51-1674c719ed06,makin kesini makin GK jelas dana udh permuk juga masih minta kode otp udh tau kartu saya hilang GK bisa Nerima kode otp akhirnya duit saya GK bisa ke ambil di dalam dana GK bakal gua gunain dana lagi,negatif,negatif,negatif
763e6b77-9432-40ee-9ce1-2e355062436c,bagus sekli mempermudahkan transaksi lebih aman dan dtaiill brow,positif,positif,positif
bb55e9ef-460e-49e4-8d37-923c29cdf657,"kendala dari otp, nomor udah hilang sama hp nya pihak dana responnya parah hasilnya ga sesuai laporan",negatif,negatif,negatif
a756d226-b183-43b7-b9eb-11229933fea1,cpt dan nyaman,ambigu,positif,ambigu
63fc6952-b4d5-487e-90eb-ee3ac5cd505e,Login ke dana,ambigu,ambigu,ambigu
c3c7f2d1-5596-467b-b53f-886c956f289b,apk bagus banget ngebantu juga buat jualan pulsa bayar listrik pokoknya praktis deh narok uang juga aman banget ğŸ‘,positif,positif,positif
14a33711-ab38-46df-afea-f2746245ae2e,mudah dan amanah,positif,positif,positif
6d3f7043-dc6e-4659-8f19-c4b17a2af0bd,"Dari smpai sekarang saya pakai dana sangat mempermudah transaksi saya dan saldo sampai sekarang untuk saldo tetap aman tanpa ada yang berkurang,, saran saya Kasih hadian buat pengguna dana yang telah banyak melakukan transaksi agar lebih menarik",positif,positif,positif
6f8f057e-1eb2-465d-902a-ed2e40ae86ac,nomor saya sudah hilang tetapi dari dulu bisa login hanya dengan pin dan verivikasi muka. kenapa sekarang verivikasi otp wa atau sms??? padahal ada saldo,ambigu,ambigu,ambigu
5d795890-4989-47d1-b725-5d3f0a88e7fe,"1. pengguna premium hanya bisa melakukan transfer gratis 10x dalam 1 bulan 2. kotak masuk delay nya sampai berjam-jam 3. melakukan pembayaran tidak muncul di kotak masuk kecuali top up dana 4. layanan dana cicil sudah sering pakai tapi tidak ada kenaikan limit 5. fitur keamanan extra ""berbayar"" yg harusnya penyedia layanan developer yg bertanggungjawab malah di bebankan ke kita yg hanya pengguna",negatif,negatif,negatif
ab46d25e-c6c3-484e-a91e-31ce614efacb,aman simple di gunakan,positif,positif,positif
9a5c510b-6189-4d87-aa61-df430846afab,masih aman aman aja...,positif,positif,positif
63a1ac62-ae5e-47cb-99a1-22c9d11ff036,jangan download aplikasih dana soalnya mudah dibobol saldo ku dicuri terus pihak dari dana tidak ada tindakan lebih lanjut soal saldo yang hilang kalau saldo hilang pihak dana tidak bisa bertanggung jawab,negatif,negatif,negatif
3553f681-7f90-4932-8cae-4770547eb788,aplikasi nya sangat bagus dan aman juga untuk menyimpan uang di aplikasi ini,positif,positif,positif
8327528d-cffa-41d6-98d3-196cb8997042,kurang aman,negatif,negatif,negatif
9dadc97f-6389-4650-b33d-6052b316a025,"saya kecewa krna kemarin saldo saya d potong/d sedot sebesar 650.000 oleh oknum yg mengatasnamakan telkomsel tp saya udh lapor ke dana lwt live chat malah d suruh lapor ke pihak berwajib,, katanya klw akun udh premium bakal aman nyatanya saya kecolongan gmn ni untuk keamanannya mohon d bantu biar ga ad lg yg kena dampaknya kaya saya tksh",negatif,negatif,negatif
c7052e88-f23f-47cd-a55a-1b787b4a65ae,alhamdulillah sllu amanah,positif,positif,positif
bf0af5b6-cf17-49f8-853a-03cd2af319e2,mohon di bantu kenapa saya belum bisa login di akun dana saya,negatif,negatif,negatif
553492d8-d24e-4a65-a360-0a377c17752e,"Tagihan Dana cicil Sudah Dilunasi Semua, Limit Tidak Bisa digunakan,,,Hapus Saja Fiturnya,,,Tidak Bermanfa'at ,,,Sebentar lagi sy Un instal,,,Pindah ke Ewallet sebelah,,,",ambigu,ambigu,ambigu
5faec42c-0bbc-4947-9bf0-be4f4e66b0dc,"Tingkat keamanannya kurang CSnya juga gajelas, tidak ada solusi malah lebih mudah menjadi CS hoax",negatif,negatif,negatif
e933f4fd-3393-4fba-b505-9dd1bfd59853,"keren,tingkatkan terus keamanannya",positif,positif,positif
425e8ff9-5a6d-487f-bd95-967ce7a172fa,"menurutku jangan pake dana mending ovo atau apk lainnya karena aku udah berkali-kali kehilangan uang di aplikasi ini, padahal ga pernah macem-macem dan emang banyak yang membenarkan hal tsb dan mereka si bilangnya pihak dana sendiri yang ambilin uang itu soalnya pihak dana tau loh kalo kita itu kebanyakan pake pin tanggal lahir",negatif,negatif,negatif
2f74ef68-089a-46cd-a247-629614565f28,dana tolong ganti saldo sya yg hilang 850 RB. yg secara tiba2 GK da sya sudah nelpon cs nya sudah chat Diana malah dapat email harus lapor ke polisi. tanggung jawab aplikasi ini gimana SMA kliennya.. fitur kemana sangat minim rentan di hack sama orang. sory udh gua uninstall.. aplikasi GK berfaedah dan TDK bertanggung jawab. utk yg lain mending GK usah download.. sayangi duit kalian dri pada di ambil cuma2 SMA orang GK bertanggung jawab .,negatif,negatif,negatif
9263e9f9-4672-499c-a98a-ff75aba94e82,bisa login ga pake kode otp ga,ambigu,ambigu,ambigu
bef721f6-026f-461d-8c62-ce5b564a36d4,bagus tapi gak ada pinjaman nya,ambigu,ambigu,ambigu
bf56b13d-eaa3-4ba8-a2a4-6949c068d349,tolong dana saya nggak bisa login karna saya di minta kode otp karna kartu yg saya pakai daftar udah hilang tolong dong dan saya juga udah isi saldonya seratus ribu bisa di kembalikan saldonya tolong dong kk,negatif,negatif,negatif
9a88c308-d394-4923-85dc-1196f7c7ae71,kenapa menu dana pinjam tidak ada di apk dana saya pada hal sudah premium dan upgred versi baru..... saya pengguna lama di apk ini.... malahan dari awal muncul apk dana saya sudah menggunakan nya,ambigu,ambigu,ambigu
9dca15b1-9570-4945-81e2-4d2afbcb7529,knp tidak bisa login,negatif,negatif,negatif
8d34e4fe-b31c-4bba-99d6-5123dc1bf306,bagus dan nyaman,positif,positif,positif
778cc177-21a6-48d0-867b-e245d572fd73,"buat kalian yang masih pake dana mending unistal sekarang, dana sekarang udh ga aman,tiba tiba dapet notif pembayaran an berhasil, kepotong sendiri masuk ke semacam situs ga jelas pokoknya padahal saya ga macem macem heran saya minta bantuan ke asisten dana juga malah di arahin ga jelas apk scam",negatif,negatif,negatif
824fbf96-5911-4f95-9318-5094dd52c06b,mempermudah kalau teman atau kerabat yg mau pinjam duitğŸ˜ğŸ˜ tapi gak tau balikinya kapan,positif,positif,positif
645c597d-37f0-4174-b131-91209b5b01f0,sangat mudah dan nyaman,positif,ambigu,ambigu
83f53459-45ea-4472-b763-162cb9cf3147,biar ke baca pake dana udah lama masa tadi tiba tiba ada WhatsApp dari dana tentang paylater dana mana gede kalo buat batal suruh isi formulir kalo nggak ada jawaban katanya berarti di ACC apakah bocor data saya pokonya kalo ada tagihan saya tidak mau bayar karna saya tidak meras pinjam di dana paylater di aplikasi nya saja tidak ada fitur paylater,negatif,negatif,negatif
deb3e461-cb51-4483-a9ca-f915dce544d8,dana sudah tidak Aman lagi,negatif,negatif,negatif
5209bf1e-4ec9-46c0-ac5b-b903d214e47b,gak seru . gak ada pinjaman nya,ambigu,ambigu,ambigu
ce511bb4-8baf-4cf0-b7f7-a3a5cbfc069e,"e-wallet paling mudah dan nyaman di gunakan walau kadang bug, overall sudah bagus cuman tingkatkan lagi ya biar ngga bug. udah scan kadang cmn loading terus",positif,positif,positif
b87b71af-009c-4687-94de-533640a972f2,"Semenjak tahun 2022, chek in di A+ Reward selalu gagal karena masalah keamanan. Sudah melaporkan kejadian ini ke cs A+Reward dan cs dana melalui email tidak ada perubahan sama sekali, sehingga saya check in tidak bisa mengklaim Hadia saya.",ambigu,ambigu,ambigu
91a850e2-fc2f-4333-8879-98c4c336c30c,sangat cocok dan aman,positif,positif,positif
03613930-04da-4fa0-962f-0b3efee429a5,jangan donlod aplikasi ini.. krn kurang aman.. dr dulu pake baru kali ini bisa2nya saldo hilang dengan jumlah 198.000 ...,negatif,negatif,negatif
1259b2f1-8ce0-4564-a5d1-fa7479465e0e,pin nya susah,negatif,negatif,negatif
921a2d48-c3d0-4563-86a6-7050a0f36451,"dana tidak menjamin uang dan data kita aman.sudah verifikasi pakai ktp, kedip mata n pin tp kenapa msh bisa hilang data kita.kalau bnr2 aman tidak mungkn uang n data kita bisa hilang bgt aja. percuma pakai pin klu bisa kehilangan data pribadi n uang..... sebaik nya jangan sinpan uang didana karena tidak aman.",ambigu,ambigu,ambigu
75fff066-1457-4e5a-a61c-4d9fdfd17b19,dana sekarang jelek ga ada ke amanan uang saya hilang saya minta bantuan ke Diana eh pertanyaan nya di ulang trus saya kan cuma laporan uang saya hilang padahal dana saya udh update ke premium masih tetep hilang gimna pihak dana saya minta tanggung jawab nya,negatif,negatif,negatif
9173b0f0-a796-4616-9ea1-8e0c34d9b05e,DOMPET DIGITAL SANGAT TIDAK AMAN ..SALDO 200.000 TIBA2 ADA TRANSAKSI 190.000 DISISAIN 10.000. PADAHAL BELUM TRANSAKSI APAPUN . SANGAT MENGECEWAKAN!!!!!!,negatif,negatif,negatif
12c51189-6af1-4959-a434-8e286fa60d28,lebih dipertingkat lagi keamanan dan respon nya,negatif,positif,positif
78f6c8be-d095-4884-a2df-792100424203,"aplikasi yang sang at bags, cepat Dan aman",positif,positif,positif
fe5d0701-0dbd-490c-b632-164c1a2d8dc6,"lebih bagus LG klo ada buat pinjaman,jadi setiap bulan bisa tarik atau sebelum jatuh tempo bisa bayar,kan lebih mempermudah pengguna juga",ambigu,ambigu,ambigu
5914ded3-f26f-4f5f-8911-70f1bf131f1f,"setelah dana di perbarui sering kehilangan saldo, padahal saya sudah aktif Dana protection, selama ini main dana saya kehilangan saldo gimana dengan sistem dana ini padahal sudah ada sistem verifikasi wajah masih juga ada kehilangan saldonya.",negatif,negatif,negatif
1dde36a5-a646-4e10-a21a-e959b65b86d6,bertransaksi lbh cepat dan banyak fitur yg menarik dan dpt di gunakan dgn aman.,positif,positif,positif
5f99365e-b965-45fe-918c-14adc63c6ecf,Plis ini mah kalo login dana jangan pake verifikasi wajah ribet gue udah matiin fitur verifikasi wajah nya aduh plis lah anjir ribet ilanggin,negatif,negatif,negatif
1b786e71-0e7c-444b-9dcf-bb15d34b16f2,"kurang aman, saya pernah kehilangan",negatif,negatif,negatif
c1de2725-f921-43e4-b094-5336a360cdcf,"saya senang menggunakan aplikasi ini...mudahhh di gunakan,sangatt aman untuk keamanan di aplikasi ini,",positif,positif,positif
7ab65159-45d1-41bb-8fb2-da965b16aa1a,biar aman buat semua orng,ambigu,positif,positif
e4e784b2-ee92-47f1-b045-74d9cf703407,Uang saya ditarik oleh orang lain. tnpa sepengatahuan saya apakah tidak ada keamanannya ?,negatif,negatif,negatif
a143b688-f1cb-4cb5-94f1-a2edd9b0f6d8,sangat aman terkendali,positif,positif,positif
e92aba61-04c9-4723-956d-9b82521d3593,"tranksaksi selalu di bobol ,, uang saya rqib, bilang nya keamanan 100% tapi,, pas ajukan clqim dana tdk bisa dikbalikan. modusss semuaa",negatif,negatif,negatif
9ab0aaf2-9197-48d5-bb8c-0801090fede4,nyaman,ambigu,ambigu,ambigu
f017a45c-c72d-4e25-a653-607a064bd2c0,DANA makin sini makin jelek aja mau login aja di persulit nya minta ampun. kan no yg hilang ga bisa Nerima kode otp. dengan verifikasi wajah aja sudah cukup lah keamanan jangan minta otp lagi . yg inti nya gimana cara nya mau login no hp hilang washap pun otomatis ngga ada ..... tolong di jawab dan di berikan solusi nya.,negatif,negatif,negatif
9eb71577-cc34-4421-bac0-99db02bd2baa,saya tidak bisa login ke akun dana saya,negatif,negatif,negatif
7706eed1-0e43-45cc-ba26-44be43d80017,aplikasi taik dana saya tertahan gara2 TDK bs login ke akun saya,negatif,negatif,negatif
abd3d834-cb8a-4be4-a787-43cda6d4a945,masa bisa di retas tanpa pin,ambigu,ambigu,ambigu
abb9b5c1-67bc-4594-9ea0-7d76f34b2aa7,AKHIR2 INI LAGI RAME SALDO KEPOTONG SENDIRI TANPA DIMINTA PIN ATAU PASSWORD,negatif,negatif,negatif
764ab81b-7492-4f09-a85d-0cb2735c152a,nyaman untuk transfer,positif,positif,positif
0d7069bf-b904-4364-9089-08b136ffd652,nomor dana saya tidak aktif apakah bisa login,ambigu,ambigu,ambigu
0565569d-0601-48bc-bdbf-941a71387c52,"terpercaya, dan aman",positif,positif,positif
52f77fc8-2274-4bf8-9530-1a9efb74db17,"saran saya buat kalian gausa nyimpen uang di dana, karna dana ga aman, saldo dana saya ilang 120ribu dan pihak dana tidak mau tanggung jawab!",negatif,negatif,negatif
b8e015b1-82d4-4d7e-806b-a9c0c6303c25,"Tiba tiba Bisa ada transaksi tidak dikenal, sangat tidak aman melakukan transaksi disini.. saldo bisa hilang tiba tiba, cukup sekali. sangat tidak bertanggung jawab. sangat kecewa sekali sama apk dana.saya udah bertahun"" pake dana baru kali ini saya kecewa,udah gitu dikirim surat lapor polisi,emang ke polisi kaga perlu duit?saya kecewa banget sama apk dana sekian terimakasih",negatif,negatif,negatif
648fefc6-a289-4b68-8aff-350f46c9ac97,amanah dan cepat,positif,positif,positif
9acd2bc9-0071-4bf4-b41c-d48f4f97a8b3,aman dan terpercaya mudah untuk transfer dan pembelian banyak bonusnya,positif,positif,positif
cc40f727-9c5e-4d59-964f-e43a0f7e06fa,aman dan baik,positif,positif,positif
5cbd96a3-ad05-4236-a0c4-e49f562a754e,"Awalnya sangat senang dengan aplikasi ini karena satu2nya yang bisa topup Brizzi,awalnya topup 50rb an trs lancar langsung masuk,tp terakhir sy mau luar kota topup 500rb,ket berhasil tp saldo belum masuk ke kartu, diaktivasi jg msih 0rupiah, pengaduan lewat email dan Diana juga mengecewakan cuma diulang2 suruh nunggu dan masukin screenshot trs mskipun sy udh ikutin petunjuknya,akhirnya sy nyerah dan kapok mending topup di Indomaret atau Alfamart lebih aman",negatif,negatif,negatif
5fe84171-fc74-40ef-a1a0-01f78c2abcf1,"Ribet banget mau ganti akun baru, karna nomer lama hilang tetep butuh verifikasi dari sms, gada cara lain apa buat verifikasi dari e-mail misal kan.",negatif,negatif,negatif
97a43e03-2186-4e7a-9bfe-1bac59ccce40,TK bisa login,negatif,negatif,negatif
c6b74602-9eb4-40a7-94e1-508c51663fa6,kenapa dana saya tidak dapat login dan ada tulisanya jaringan bermasalah tolong ya dana untuk memperbaikinya,negatif,negatif,negatif
b87222b3-5101-4415-9f1b-c2beb21e66ea,baguss keamanan nya,positif,positif,positif
8db06560-8f1e-4b12-88a4-5b64c29ba331,"penggunaannya aman,mudah & cepat ,simple ga pake ribet buat pembayaran apapun dimanapun",positif,positif,positif
fdce6781-6823-4804-9a2e-990923a4624d,plis lah dana kalo mau beli di e-commerce gitu pake dana gak usah verifikasi aja soalnya suka relog Sampek sekarang duit ku di dana belum ke pake apa apa karna pas verif ngulang dari awal Mulu.,negatif,negatif,negatif
989bb8e4-4e54-4c8c-95a5-e73e3d9b6209,"hallo dana bisa bantuin saya saya lupa pin, tapi nmor nya udah tidak aktip bagaimana cara mengatasi",ambigu,ambigu,ambigu
9bca2367-57b5-4ccc-9d37-572f40fc4760,aman,positif,positif,positif
1111f8a1-df2a-4724-9b0a-ee999e4ad256,diusahakan adminnya bebas aman Yaman dapat bonus kalau yimpan ..,positif,positif,positif
973846fa-6646-4730-8bbc-d94cd39b3922,"Semoga akun saya aman min, dan dapat mengajukan dana cicil",positif,positif,positif
d355dc09-00f7-4c76-bb6b-c15828d648f2,bagus nyaman sangat membantu,positif,positif,positif
79eaf71b-3965-4e7e-a953-d4cb1d8244ae,Alhamdulillah aman dan amanah,positif,positif,positif
ad9e18aa-01e4-4fd3-8f13-007973682986,kenapa gak bisa kirim otp lewat email,negatif,negatif,negatif
598a5e20-ea74-44ce-b459-a396bced4ddf,bagus aman,positif,positif,positif
05274af8-b9d0-4b9f-a3f1-35e9bccb81cb,sangat bagus mi aplikasi nya buat simpan uang di DANA udah pasti aman yh temanÂ¹ ğŸ’¯ğŸ‘Œ,positif,positif,positif
087f0b95-9e5d-4ecf-954a-f09348698285,keamanan kurang,negatif,negatif,negatif
25959edf-308f-49a3-bef5-2955e7b135f7,banyak hacker/pencurian saldo hari ini tgl 9 Juni 2025 saldo saya ke ambil dengan transaksi pembayaran Telkomsel nominal 500.000 bahaya simpan saldo didana kecewa jangan pakai aplikasi dana g bertanggung jawab lepas begitu aja jangan sampai saldo anda terkuras habis super tega sampai hapus segera aplikasi dana y sekarang juga,negatif,negatif,negatif
9eb4a015-c59f-424d-99c7-b04f14ebaedb,tapi sayang ya gak ada pinjaman dana,ambigu,ambigu,ambigu
a470ad03-168b-4539-9113-eb5759258c81,apikasi dompet digital nasional teruskan perketat keamannya mantap,positif,positif,positif
edffa7d6-b083-425c-ae35-c0e6182bdaab,"APLIKASI APA INI TIBA2 SALDO DANA BISA KIRIM2 SENDIRI , DOMPET DIGITAL MACAM APA INI KEAMANAN GAK ADA SAMA SEKALI???",negatif,negatif,negatif
6f32cab3-9d5c-42d7-950f-ea7051867051,cara pinjam dana gimana ya,ambigu,ambigu,ambigu
fe066e2d-8401-4486-8831-340e064c77b9,Tingkat ke amanan Sangat Rendah uang saya hilang 1 jt 300 Cuihhhh,negatif,negatif,negatif
7bd05e86-905c-475f-8836-f1f4f7efe3b1,selama ini sih tranfer lancar dan duit aman...,positif,positif,positif
2397dafc-a898-444d-915e-bdbaa3f82df5,mau tau update pinjaman kok tidak ada,ambigu,ambigu,ambigu
dbacebec-8ab3-42e5-afd4-06eb0c0f3dc5,makin lama makin gk nyaman pake aplikasi ini. terlalu banyak iklan penawaran. sangat mengganggu di waktu kita mau transaksi. tolong donk itu iklan penawaran di kondisikan,negatif,negatif,negatif
58aa60b3-c394-4474-9c29-aee13a0d8c35,"app ini kaya nya mulai enggak aman , masa ke hack tgl.8/5/2025 jam 12.10 hari kamis 2.778xxx raib tiba"" ada transaksi ke Itemku ğŸ˜®â€ğŸ’¨ğŸ˜®â€ğŸ’¨ğŸ˜®â€ğŸ’¨",negatif,negatif,negatif
18ece17d-77fb-44f7-96aa-adbbedeaa1b0,"yang belum pake Dana sebaiknya jangan install, ini aplikasi banyak hacker nya , uang saya disedot penipu 2juta ngadu ke Diana kyk ngomong sama robot ga ada solusi boro"" diganti !!!!! sudah saya uninstall Dana ini , kapok !!!!",negatif,negatif,negatif
b4fe41cc-21bc-434a-a354-400fe31e86ef,sudah bertahun tahun memakai dana tapi beberapa hari lalu ada notif bahwa aplikasi dana saya ada yang berusaya login setelah itu saya tidak bisa login lagi sampai sekarang komplain berkali kali yang jawab robot kemana saya harus komplain lagi,negatif,negatif,negatif
89dd284b-27c8-42b0-b758-9c60924fc289,kenapa akun saya ga bisa login padahal pin benar sama scan wajah,negatif,negatif,negatif
1c9ebeb7-1149-4972-9f05-16d494f72402,"mempermudah... cepat praktis. tingkatkan lagi ya kualitasnya, jangan dibikin berat dan ribet... keamanannya jg.",positif,positif,positif
5f316a4b-14fd-4bc1-80c8-286dc00631ec,"Hati hati untuk yang menyimpan uang di Dana, Tidak aman, Sudah bnyak korban saldo dana di sedot oleh aplikasi UC VPN Premium, ini membuktikan begitu mudah maling saldo di dana, Orang lain bisa ambil saldo kita tanpa ada konfirmasi ke pemilik Akun dana, Sebelum terlanjur, lebih baik tarik uang kalian semua, Pindah ke Ewallet lain nya, Karna Apk Dana tidak menjamin ke amanan uang!!! Cek di youtube sudh banyak korban!!! Hati hatii",negatif,negatif,negatif
6612f211-219d-4368-8803-6903b42e778e,"sekarang mau pindah akun premium gagal terus, kalau sebelumnya hanya ganti nomor saja bisa, tapi setelah jadi premium malah gak bisa pindah akunnya. chat asisten dana jawabnya gitu2 aja gak ada solusi. terpaksa habiskan saldo dan gak usah pakai app dana",negatif,negatif,negatif
b3ffaa27-b697-40c6-9cd1-a9063cb4da93,"saya gak bisa masuk ini kak gimana caranya alasan keamanan terus, gimana caranya kak masuk lagi gak bisa terus",negatif,negatif,negatif
683985ea-db2b-4d5b-8bc9-35107d71a5d9,Tidak Bisa Login. Keterangan Akun Mencoba Login Berulang Ulang. Padahal Saya Tidak Logout Dan Tidak Ada Keterangan Apa Apa Di Aplikasi Saya. Payahhhhhhh,negatif,negatif,negatif
0bed1106-5482-477b-8d9b-ff84331c39fd,ini kenapa saya gak bisa login tertulis karna keamanan,negatif,negatif,negatif
0e43b8d9-e1d0-47c9-aaa2-ce1958b4e5ba,"iklan ngasih pinjaman , ngasih gak saldo malah di potong",negatif,negatif,negatif
90891b02-063a-42b3-8398-6a84511879c2,aman menabung dan ngak ke susahnya untuk pembayaran dan lain nyağŸ˜‡ğŸ™,positif,positif,positif
3ea33df4-8ade-4bf0-a137-b91a378b04b9,Tingkatin KEAMANANNYA DULU GAUSAH UPDATE ANEHÂ² GUA HABIS KENA TRANSAKSI GOIB UANG HILANG BANYAK (KE APKÂ² GAJELAS) PDHL GA PERNAH MAKE,negatif,negatif,negatif
c7b0ecc6-16ac-493c-99df-087efb1c34ee,"kenapa saya tidak bisa login dana? katanya internet saya yang bermasalah, tapi wifi full.",negatif,negatif,negatif
0a8da3c8-c2c6-4ec7-ac9f-2bc56106b6ed,"ga bisa login ke akun dana. padahal jaringan bagus, tapi masih aja ga bisa masuk ke dana. duit gw banyak lagi disitu. nyesel gw pake dana sumpah enak beralih ke gopay. bagi kalian yang pengguna dana beralih aja ke gopay aman banget disana",negatif,negatif,negatif
38bbaf8d-0ffd-4269-88f0-0e191ef45e74,"uang saya ketarik sendiri, pdhl saya ga ada transaksi apapun, pokoknya dana ga aman sekarang",negatif,negatif,negatif
d0946965-14c3-4d35-96f1-cc6c34544023,pengaplikasian yang bagus tetapi lebih baik memakai keamanan deteksi wajah yang tepat dari pada pin yang mudah saya lupakan,positif,positif,positif
aaed0305-76de-4ffd-8efc-4f48690a340b,"Aman,cepat,dan banyak promo-promo yang menarik pelanggan",positif,positif,positif
9efbfb78-0ef6-4d1e-94c8-85baa4468094,keren mantap dan alhmdulilah aman terus,positif,positif,positif
849a158a-0b21-41e7-9cdc-7c8b7a8d2c1d,Tenang dan sangat aman,positif,positif,positif
1de91d60-e8c6-4af8-8e88-4f9fd8ac7be7,"aplikasi sampah, sedot dana ku 120rb gabisa direfund. gk jls tanpa persetujuan. kapok gamau pake dana lg. kalo ky gini terjadi ke org yg butuh bgt uangnya gmn. lebih bijak lg dong, ga asal lgsg sedot. minimal masukin pin lg kek. gajelas. kapok.",negatif,negatif,negatif
e0527eb0-95c1-4392-b1fd-1864c205cb12,"kenapa harus menunggu 2 hri untuk upgrade ke premium, lamanyaaa gilaaa padahal mau lakukan penarikan saldoğŸ˜«ğŸ˜«",ambigu,negatif,negatif
3fea2900-61f1-445b-a691-2aaa205524ff,cepat tepat aman,positif,positif,positif
635289d6-5326-45ea-9423-b6de23db4370,susah banget sampai download berkali-kali di tunggu OTP via SMS via Wa tidak ada yg masuk mending beralih ke lainya,negatif,negatif,negatif
e97ef483-8152-4ff7-8481-a875c1b28dc3,sekarang sering ilang tiba-tiba saldo nya pedahal pengamanan nya udah di seting semuanya,negatif,negatif,negatif
7af73bd2-e2fb-4fd6-aa89-52a562b66b33,keamanan tidak terjamin,negatif,negatif,negatif
c5be3b65-b63b-4f66-a7b1-4b23667c46eb,cara masuk nomer mati gimana ya saldo saya masih jutaan tapi gabisa masuk gara gara nomer mati sandi wajah sama pin ingat semuaa ğŸ¥²ğŸ¥²,ambigu,ambigu,ambigu
023d8b7b-6ffd-49c3-b287-8efefe67e229,saya minta bntuan saya mau login harus pake otw sedangkan krtu saya sudah tidak ada gmail juga lupa itu gimna cara biat maauk nya,negatif,ambigu,negatif
410ec7de-8413-4e89-9d97-33a8a8d03285,oke cepat dan aman,positif,positif,positif
babf4820-10dd-49fa-9087-d25dbed5de6d,Bagus dan sangat membantu Cuma keamannya yang harus lebih baik,positif,positif,positif
831eeece-de12-4f41-bd67-f798b009e61e,bagaimana caranya agar saya tidak di minta kode otp,ambigu,ambigu,ambigu
d23b917a-9445-4205-b633-51ae1b77c249,semoga dana tetap aman ak minta jangan ada yng majak lgi uang tetap aman di dana ter simpan amin,positif,positif,positif
4fb0c1ed-b6d1-44b2-98af-91af08f7df14,"sering minta kembali kode OTP, sedangkan di kirim ulang-ulang tapi otp tidak ada yg masuk... terakhir suruh kembali lagi besokğŸ˜Œ",negatif,negatif,negatif
578f066f-1e9f-4743-a5fb-4b65aa1d393f,"bermanfaat, moga aman",positif,positif,positif
997f1b9e-8ca5-4f55-829a-e64952bea356,"udh brp tahun ini pake dana aman2 aja, eh tiba2 td MLM di akun suami tiba2 transaksi uang sebesar 241.000, pdhl suami sy tdr, akun bisa otomatis TF nggk tau kmn itu GK ada nama tujuan, tolong perbaiki aplikasi kn syg klo pemakaian dana pindah ke aplikasi lain.",negatif,negatif,negatif
c4acd6c6-df63-464e-b226-5a90b2541b07,mantap transaksi cepat aman nyaman tentram damai sejahtera sentosa Indonesia MerdekağŸ¤£,positif,positif,positif
6fb94d00-1480-4657-8a0c-30f93ef0c02d,sangat membantu bertransaksi dengan mudah dan aman,positif,positif,positif
c5539d70-ec0e-41a6-bf91-c9f1d58b6fff,"halo untuk dana,saya punya rekomendasi fitur yang dapat mengamankan aku lebih lanjut yaitu ""memblokir perangkat yang mencoba masuk ke akun tersebut"" karena akun saya sering timbul aktivitas perangkat lain yang sedang mencoba masuk,saya sangat kesal dengan hal tersebut karena ragu untuk menyimpan uang di dalam aplikasi dana ini,sekian dari keluhan saya terima kasihğŸ™ğŸ™",negatif,negatif,negatif
c2d03ac5-a36e-4190-a373-81cebc886ffb,koneksi terputus terus gabisa login,negatif,negatif,negatif
859cfe5f-d7b1-4e33-8557-4368fc30305d,aplikasi no 1 juara di emony lanjutkan dan kembangkan fitur fitur menarik lainnya untuk kenyamanan pengguna,positif,positif,positif
6d79cf78-1cd8-483e-9ae5-c55fbed7e7a3,"parah banget sumpah,gw mengalami kendala yaitu nomor lama sudah tidak aktif otomatis ga bisa login, giliran mau transfer akun ditolak karena masih ada aset yang aktif dan suruh mengosongkan terlebih dahulu,otak nya dimana sih kalo mau login aja ga bisa gimana mau ngosongin aset..... sumpah kapok pake dana",negatif,negatif,negatif
a3355d3f-2073-4a9c-9ad7-6353812a543d,kak .akun saya keluar sendiri .dan mau masuk lagi harus dengan kode otp.sedangkan nomor saya sudah hilang .ğŸ¥². bagaimana ya.saking banyaknya masalah sampe penanganan nya lambat pa ya,negatif,negatif,negatif
cfcd9651-86eb-49d0-8984-2d1e62ef620c,"saya transfer dari ovo ke dana lg eror dan saya coba berulang2 akhirnya sukses saldo kepotong tapi dana g masuk ke ovo, saya coba tanya ke customer servisnya katanya dana udah masuk tanpa cek dlu bener udah masuk apa blm, yg jelas transaksi d dana sudah g aman, buat kalian yg pakai aplikasi ini hati2",negatif,negatif,negatif
5a5584d6-2a17-4e45-9331-4b63a472a259,2bintang dulu deh ribet login,negatif,negatif,negatif
3cd698a6-a254-4b73-99dd-d49e99639dab,"berat di buka aktifitas nya aja,, selebihnya aman",positif,positif,positif
af6608b1-9393-4ffd-a866-6448af9ce0bf,terpercaya....mudah aman dan cepat,positif,positif,positif
14fbcac6-a60d-4367-9c2c-9e997a9d5477,aman dan lancar,positif,positif,positif
4739b96a-73ca-4d14-9292-a67355a3b1f0,"kak tolong Saldo Dana saya hilang 1.139.082,TGL 3 Juni 2025 jam 17.56,padahal saya tidak melakukan transaksi Di Aplikasi ITEMKU tolong kembalikan,cuma itu duit aku punya buat hidupin 4 orang anak,Mala hilang semua ğŸ˜­ğŸ™",negatif,negatif,negatif
7da29ebc-752d-44a4-b859-23cf0e03a413,dana asuu masa bisa kena hack,negatif,negatif,negatif
2bef206f-9dd6-4fef-91b0-b952c745cf5f,apk dana tidak bisa membantu no dana lama hilng bukak pakai pin tpi mintak kode gbisa menolong,negatif,negatif,negatif
9058dae3-9635-4bc1-87c9-cc1acb8139bc,"Tah kemana dana sekarang pun login mesti verifikasi wajah, biasa bisa masuk aja, ini mesti verifikasi sesuai KTP, makin baru versi makan parah pelayanan nya",negatif,negatif,negatif
00ed89f2-3fe2-4e57-a20f-2335a7e085c8,"maaf ditingkatkan lagi keamanan nya,karena banyak penipu memakai atas nama akun dana",negatif,negatif,negatif
ce1e0822-1bab-4d93-9ceb-807a2eca3f69,cepat dan aman...mantab,positif,positif,positif
f71366ce-83b9-4aef-8449-9e6c97161e9d,"apk bermanfaat tapi tingkat keamanan nya rendah,,saldo hilang 50%",positif,positif,positif
9488ef45-cdbd-4301-b55d-fffe7a2c3b46,sangat puas dan aman,positif,positif,positif
aa7a69e7-e037-4bab-b3af-4db67bc9e6a1,app DANA Dompet digital sangat terjamin keamanannya sangat baik,positif,positif,positif
f22da5b6-9797-4ff2-a988-d5d50e9688f9,kok ga bisa login ya?ğŸ˜­ jaringan bermasalah terus,negatif,negatif,negatif
369e55dc-a96e-44b3-bfce-f0b83e4a96ac,"dana cicil ga bisa di pakai, butut...pastikan tidak ada keterlambatan...pinjam aja bekuuuum ..bututlah",ambigu,ambigu,ambigu
d37de6ef-ae74-45df-8bdc-8735bc627bb1,aman Dan nyaman,positif,positif,positif
a2147610-8fed-406b-b5ae-dd3464b9418a,pengiriman cepat dan aman,positif,positif,positif
bd23eed5-218a-4874-ade1-597381707f5d,sangat cepat buat transaksi mudah akses nya dan nyaman,positif,positif,positif
3c1b41fe-ef8d-44c7-811a-2cf227263782,"bagus bgt pelayanan nya kak,tapi tolong untuk keamanan nya ditingkatkan okeyyyy",positif,negatif,positif
46cbebe8-3d31-4436-ac8f-a3169b083a3e,mudah dan amanğŸ‘ğŸ»ğŸ‘ğŸ»ğŸ‘ğŸ»,positif,positif,positif
275ad9c3-c943-4c3d-afb6-a94187e9444b,tetap amanah,positif,positif,positif
538c39c0-4e79-4ad7-8b49-db4ddd5cc7e9,semoga selalu terjagaaa amannya,positif,positif,positif
4e9e9f28-ba49-47e2-b132-db1e9c2f390b,lagi penting gini malah gangguan..hadeuh tolonglah diperbaiki lagi. udah nyaman pake tapi pas lagi pentingnya malah down,negatif,negatif,negatif
62b23da6-d8cf-46ff-93a2-fc1906a29922,nyaman sekali,ambigu,ambigu,ambigu
3376609a-b1f3-4548-9760-5ad1c640c1c1,jadi pengguna dan sudah lama transaksi dana sering tapi Tidak ada perubahan gk di kasih dana cicil di saat mendesakk habis paket data gk sama apk yang lain bnyk Fitur Tambahan Bisa pinjam sementara mendesak kehabisan paket aktifkan dana cicil biar saya bisa memberi ğŸŒŸ Full,positif,positif,positif
f0ebbdf4-e25c-4a9d-854e-bea3825715d2,bagus aman terpercaya,positif,positif,positif
0d2987e6-bc32-4a0d-965f-2d861ab800ac,"alangkah baiknya keamanan lebih di perbaiki lagi! Mengingat banyak binatang hama keuangan berpura-pura di negri ini ya'ni nasu ahlil nipu insan. Dan jika ada korban tipuan nelpon, harap saran itu yang meyakinkan jangan hanya saran harus ganti pin! Ada solusi lain gitu yang super aman dan saldo balik lagi. Banyak virus modus menyebar kalau harus tahu, penyakit manusia itu paling dasyat dan sulit di sembuhkan salah satunya ya, penyakit virus modus dan akhirnya berprovesi sebagai penipu.",negatif,positif,positif
18a166c9-62aa-4034-96f3-aced6f3331d6,aman dan nyaman,positif,positif,negatif
8f1b5f59-f000-4f0f-8852-e342f3de5618,"Tolong perbaiki!!! Kenapa setiap pembayaran yang berkaitan dengan langganan-langganan tidak ada persetujuan dan tidak meminta persetujuan dari pengguna seperti dengan memasukkan PIN kenapa pihak DANA langsung sat set-sat set aja, ini sama hal merugikan pengguna aplikasi dana ketika pengguna sedang lengah",negatif,negatif,negatif
488c16d1-deab-4f1f-a6a1-53fa1b213f50,Bagus dan aman,positif,positif,positif
18f2ca8f-7ed2-4edf-9efa-a4a658b8524d,pengirimannya aman,positif,positif,positif
2942764d-7c37-474f-8b71-49c2f9a138b8,"BUSEH GAGARA KENDALA KARTU HILANG JDI GA BISA LOGIN/MASUK AKUN PARAH DANA MEMPERSULIT NYA DIA BUAT,MAU BUAT BARU KTP NYA UDH TERVERIFIKASI GMANA INI MEMECAHKAN SOLUSI YG PALING SULIT INI BUAT LOGIN BISA KEMBALI LGI",negatif,negatif,negatif
d6c88318-0f0b-46ff-b857-45d3164ae53c,Mohon min bisa dijawab apakah jika nomor hp dengan keadaan hilang terus tidak bisa login dikarenakan harus Otp sedangkan nomornya hilang dan tidak aktif serta tidak tertaut ke Whatsapps kalo ganti nomor/daftar dan mengalihkan data dari nomor lama ke nomor baru itu saldo tetep ada atau hilang ya? Mohon informasi dan solusi nya dong,ambigu,ambigu,ambigu
7384aea3-491c-42ac-8287-548fed884195,"Aplikasi Ini sangat penting untuk tabungan, Via Transfer, and qris, Bank, Dll,Sangat Popular Tentunya Untuk Menabung keungan Kecil Hingga Besar Keamanan Sistem yg sangat Ketat Tentunya, recommended sekali ni Untuk Yg suka Menabung ğŸ’° silahkan coba aplikasi ini dari menabung kecilÂ² anğŸ¥³",positif,positif,positif
5d562379-559b-4486-8288-f14cd0faeac8,"pin gagal berfungsi., akibatnya gagal verifikasi email !",negatif,negatif,negatif
89c8b668-9013-407f-9c73-4aff6242c8ee,ribeut dan tidak bisa masuk harus otp terus,negatif,negatif,negatif
f06b5ee9-9663-4874-8415-ed145f585739,sangat baik. dan saya merasa aman dan nyamanğŸ¥°,positif,positif,positif
64129252-e31c-4267-aef7-86dd63422b78,Sangat aman,positif,positif,positif
046af2cb-b28d-4070-b0fa-d1a2a645db1c,saya mau TF ke dana knp ada perbaikan sistem terus ya padahal apk nya aman aman aja,negatif,negatif,negatif
c249048e-b972-437a-994d-a0967a501a7d,"Bye DANA setelah 3 orang yang ku kenal kehilangan saldo tibatiba, sekarang saya ngalamin sendiri. Bisabisanya lemah banget proteksinya padahal gak ada notif OTP atau Klik Link tapi saldo hilang gitu aja. Setelah 4tahun pake DANA terpaksa unninstal deh kecewağŸ˜¢",negatif,negatif,negatif
0da96a3b-7b38-42cf-81f9-fac899e2824b,mohon maaf dana sekarang bisa dibobol saldo saya hilang tanpa ada pertanggung jawaban dari dana,negatif,negatif,negatif
281bb0a9-1fcd-496c-8965-77f0e11034ee,"tolong dong ditingkat kan lagi keamanaan nya, kmrn dana suami saya di hack hilang uang 500rb ,, dan skrg saya mau beli kouta jg gk bisa tolong dong di perbaiki lagi ğŸ™ğŸ»",negatif,negatif,negatif
0a4620aa-7b11-4f2f-b07b-a6f156d67c5f,"bagus buat apk dana,cuman saya GK ada namanya dana cicil,gimna ya biar ada apk dana cicilnya",positif,positif,positif
8443f8f0-175f-48e1-8430-6908513c3f0a,kayak nya aman ini aplikasi,positif,positif,positif
404f6bfa-8d3d-484f-a67e-780e7c558b0e,aplikasi ini muda di jebol orang...keamanan skarang tidak kuat bagus,negatif,negatif,negatif
8b69f77b-5e77-4ce4-8d91-7191f8cc2a12,jangan minta otp bisa ga min no dana ga aktif lagi,negatif,negatif,negatif
bcc8069f-0246-488d-b37c-968b958eef3a,kenapa cara mengatasi lupa pin susa sekali di akun dana?,ambigu,ambigu,ambigu
264158c4-2757-476d-8ab6-4270c703cc9b,"aman dan terpercaya, proses cepat dan dapat di gunakan di mana pun dan kapan pun. luas jangkauannya, dan mudah di gunakan.",positif,positif,positif
2da36c8d-e39d-4987-84d5-d0c9b11249ec,aplikasi nya mantap sangat aman untuk menabung dan mengirim uang cuma sayang nya piltur dana cicil belum ada d semua pengguna dana,positif,positif,positif
5c826e53-7560-4019-aeb5-6a5dcc5325ef,"semakin susah masuk ny KLW harus verifikasi wajah trus biasa ny pke pin aja masuk,,, sy mau buka dana tp pke KTP orang tua hrus verifikasi sdang kan ortu dah g ada,, JD g masuk"" dana mch ada isi ny lg,, KLW hp ganti buka dana g bs",negatif,negatif,negatif
de443e4e-60ee-48c8-bdbc-af0f02da3097,"hati2 buat pengguna Dana jangan simpan saldo banyak,,saldo saya ada yang ambil padahal saya tidak pernah melakukannya tidak ada tanggung jawab dr pihak dana,jaminan uang kembali NOL BESAR tidak ada keamanan banyak yg disabotase,,hati2 teman2 terutama para pedagang yg suka bertransaksi via DANA lebih baik beralih k rekening Bank dompet digital tidak aman",negatif,negatif,negatif
faee1511-393e-42af-aa80-c430c1906566,Hati Hati Saldo Saya Tiba Tiba Hilang Dan Saya Coba Buat Laporan Malah Ga Jelas Di Tanggapinya Parah Banget!,negatif,negatif,negatif
1e072c2a-72d8-430d-8321-a81f615f2ca1,"sejauh ini top bgt,, tetap amanah ya",positif,positif,positif
59ee387a-7de6-4108-b936-953cd107c00a,pembayaran aman bebas admin dan murah diskon 20%itu aja yg kurang,positif,positif,positif
af92c81f-c231-412f-9007-3e20bb1c57cf,3 tahun pakai dana transaksi belasan atau puluhan bantuan pinjaman tidak adağŸ¤£,ambigu,ambigu,ambigu
06ef7033-0ee3-4110-bf07-cca6047cc194,tolong bikin bisa pinjaman lebih bagus lagi,ambigu,ambigu,ambigu
4db2cff6-0d61-41ee-9995-07bfa3b05aa7,aman dan terlindungi dari akmid,positif,positif,positif
81e16044-a7e8-4f4f-aa93-c2f0d574508e,"aplikasi merugikan,uang tibaÂ² hilang gak ada pertanggung jawaban,aplikasi perbankan keuangan kok bisa di hack keamanan gak di tingkatkan kecewa saya makai aplikasi ini",negatif,negatif,negatif
9e93cd96-9656-4339-abf7-138152967fb0,masih aman,positif,positif,positif
8a47791b-c8e1-4a44-b7c2-c767e8aad9a6,dana yaa sangat baik tapi Tulung saat lupa pin segera langsung di bantu proses ya gak usah pakai privasi muka,negatif,positif,negatif
e5b6eecd-ab62-453d-b2b8-8713311f3cbd,sangan nyaman,ambigu,ambigu,ambigu
f8290008-bc8c-4d4f-a47d-1a6f724c56bf,verifikasi ulang dana cicilnya gagal terus. mohon infonya,negatif,negatif,negatif
db1a22d5-bd78-4850-a910-b8da21da8007,tempat yang sangat bagus dan sangat aman untuk menabung,positif,positif,positif
fbd8e5d6-d268-4f15-805a-f18bc456674b,"simple, aman, praktis, mudah, suka deh pokoknya",positif,positif,positif
8504ec73-c6fb-4fc1-b251-f0a470e211cf,min gimna cara membuka pin yg lupa sandi nmr nya sudah hilang,ambigu,ambigu,ambigu
9ea2d4b7-9b39-43b3-8a62-a4e735bb5d62,semoga ditingkatkan lagi keamanan nyağŸ‘ğŸ‘ğŸ‘,positif,positif,positif